                  epoch,         train/box_loss,         train/cls_loss,         train/dfl_loss,   metrics/precision(B),      metrics/recall(B),       metrics/mAP50(B),    metrics/mAP50-95(B),           val/box_loss,           val/cls_loss,           val/dfl_loss,                 lr/pg0,                 lr/pg1,                 lr/pg2
                      1,                 1.1279,                 1.7956,                 1.4253,                0.64729,                0.33852,                0.41942,                0.24976,                 1.3589,                 2.4733,                 1.7207,             0.00041441,             0.00041441,             0.00041441
                      2,                 1.0146,                 1.6323,                 1.3567,                0.50349,                0.57171,                0.51946,                0.34416,                 1.1321,                 2.1226,                 1.6139,             0.00067617,             0.00067617,             0.00067617
                      3,                 1.0373,                 1.5838,                   1.36,                  0.694,                0.61431,                0.67558,                0.46208,                 1.0609,                 1.9799,                 1.5563,             0.00076817,             0.00076817,             0.00076817
                      4,                 1.0058,                 1.4864,                 1.3524,                0.54015,                0.55329,                0.55879,                0.36117,                 1.1745,                 1.9937,                 1.6224,             0.00058017,             0.00058017,             0.00058017
                      5,                0.97123,                  1.413,                 1.3117,                0.64869,                0.49774,                0.54923,                0.37721,                 1.0969,                 1.9395,                 1.6349,             0.00058017,             0.00058017,             0.00058017
